{"schemaVersion":"1.0","appDefinitionTemplate":{"id":"/providers/Microsoft.PowerApps/apps/","type":"Microsoft.PowerApps/apps","tags":{"primaryDeviceWidth":"640","primaryDeviceHeight":"1136","supportsPortrait":"true","supportsLandscape":"true","primaryFormFactor":"Phone","showStatusBar":"false","publisherVersion":"3.25091.7","minimumRequiredApiVersion":"2.2.0","hasComponent":"false","hasUnlockedComponent":"false","isUnifiedRootApp":"false","sienaVersion":"20250916T144650Z-3.25091.7.0"},"properties":{"appVersion":"2025-09-16T14:46:50Z","lifeCycleId":"Published","createdByClientVersion":{"major":3,"minor":25091,"build":7,"revision":0,"majorRevision":0,"minorRevision":0},"minClientVersion":{"major":3,"minor":25091,"build":7,"revision":0,"majorRevision":0,"minorRevision":0},"backgroundColor":"RGBA(0,176,240,1)","backgroundImageUri":"/7031514667688107732/N5c5447c9-59ee-4deb-8e47-c6737cb619ef-logoSmallFile","displayName":"Costurei","description":"","commitMessage":"","appUris":{"documentUri":{"value":"/7031514667688107732/Nc8d76131-32ce-4f2a-a239-e426cf55b4b6-document.msapp"},"imageUris":[],"additionalUris":[{"isSolutionAware":false,"value":"/7031514667688107732/Nad5952cc-d9b6-4e5c-8766-0b659057fd4f-identity.json"}]},"createdTime":"0001-01-01T00:00:00Z","lastModifiedTime":"0001-01-01T00:00:00Z","sharedGroupsCount":0,"sharedUsersCount":0,"connectionReferences":{"8b219565-9552-4678-bcde-f9beb72e303e":{"id":"3e3323cd-5063-48af-bef7-45b76b8b0879","displayName":"SharePoint","iconUri":"https://conn-afd-prod-endpoint-bmc9bqahasf3grgk.b01.azurefd.net/v1.0.1762/1.0.1762.4298/sharepointonline/icon.png","dataSources":["users","agendamentos","tags"],"dependencies":[],"dependents":[],"parameterHints":{},"parameterHintsV2":{},"isOnPremiseConnection":false,"bypassConsent":false,"dataSets":{"https://ufubr.sharepoint.com/sites/costurei-grupoufubr":{"dataSources":{"users":{"tableName":"0be8e730-000e-468e-9220-e1645139fe68"},"agendamentos":{"tableName":"9ffe5e2d-7a1b-48cb-a999-83ca73e45920"},"tags":{"tableName":"ba29287c-bef6-4e20-9139-5342800e281e"}}}},"apiTier":"Standard","isCustomApiConnection":false,"actions":["providers/PowerPlatform.Governance/Operations/Read","providers/PowerPlatform.Governance/Operations/Write","providers/PowerPlatform.Governance/Operations/Delete"]}},"databaseReferences":{},"almMode":"Environment","performanceOptimizationEnabled":true,"canConsumeAppPass":true,"enableModernRuntimeMode":false,"executionRestrictions":{"isTeamsOnly":false,"dataLossPreventionEvaluationResult":{"status":"Compliant","lastEvaluationDate":"2025-09-13T23:54:00.1306475Z","violations":[],"violationsByPolicy":[],"violationErrorMessage":"The app uses the following connectors: ."}}},"isAppComponentLibrary":false,"appType":"ClassicCanvasApp","appComponents":[]}}